"300","JL","00000001","D","SEASONAL SALAD"
"300","JL","00000002","D","NICE SALAD"
"300","JL","00000003","D","PARIS SALAD"
"300","JL","00000004","D","HAMBURG SALAD WITH FRESH SHRIMPS"
"300","JL","00000005","D","QUAIL"
"300","JL","00000006","D","DUCK ON LETTUCE"
"300","JL","00000007","D","CARPACCIO"
"300","JL","00000007","E","CARPACCIO"
"300","JL","00000008","D","WIENER SCHNITZEL"
"300","JL","00000008","E","WIENER SCHNITZEL"
"300","JL","00000009","D","PORK SCHNITZEL"
"300","JL","00000010","D","SCHNITZEL WITH PEPPER SAUCE"
"300","JL","00000011","D","CHICKEN AND FRENCH FRIES"
"300","JL","00000012","D","TURKEY STEAK"
"300","JL","00000013","D","BAVARIAN DUCK"
"300","JL","00000014","D","KNUCKLE OF PORK"
"300","JL","00000015","D","FILLET OF BEEF"
"300","JL","00000016","D","TROUT AU BLEU"
"300","JL","00000017","D","TROUT MEUNIERE"
"300","JL","00000018","D","MONKFISH"
"300","JL","00000019","D","SOLE"
"300","JL","00000020","D","MINI FRIED SOLE"
"300","JL","00000021","D","SALMON IN A BEARNAISE SAUCE"
"300","JL","00000022","D","SALMON LASAGNE"
"300","JL","00000023","D","CHOCOLATE ICE CREAM"
"300","JL","00000024","D","VANILLA ICE CREAM"
"300","JL","00000025","D","VANILLA ICE CREAM WITH HOT CHERRIES"
"300","JL","00000026","D","VANILLA ICE CREAM WITH HOT RASPBERRIES"
"300","JL","00000027","D","APPLE STRUDEL"
"300","JL","00000028","D","RASPBERRY SORBET"
"300","JL","00000029","D","STRAWBERRY SORBET"
"300","LH","00000001","D","SEASONAL SALAD"
"300","LH","00000002","D","NICE SALAD"
"300","LH","00000003","D","PARIS SALAD"
"300","LH","00000004","D","HAMBURG SALAD WITH FRESH SHRIMPS"
"300","LH","00000005","D","QUAIL"
"300","LH","00000006","D","DUCK ON LETTUCE"
"300","LH","00000007","D","CARPACCIO"
"300","LH","00000007","E","CARPACCIO"
"300","LH","00000008","D","WIENER SCHNITZEL"
"300","LH","00000008","E","WIENER SCHNITZEL"
"300","LH","00000009","D","PORK SCHNITZEL"
"300","LH","00000010","D","SCHNITZEL WITH PEPPER SAUCE"
"300","LH","00000011","D","CHICKEN AND FRENCH FRIES"
"300","LH","00000012","D","TURKEY STEAK"
"300","LH","00000013","D","BAVARIAN DUCK"
"300","LH","00000014","D","KNUCKLE OF PORK"
"300","LH","00000015","D","FILLET OF BEEF"
"300","LH","00000016","D","TROUT AU BLEU"
"300","LH","00000017","D","TROUT MEUNIERE"
"300","LH","00000018","D","MONKFISH"
"300","LH","00000019","D","SOLE"
"300","LH","00000020","D","MINI FRIED SOLE"
"300","LH","00000021","D","SALMON IN A BEARNAISE SAUCE"
"300","LH","00000022","D","SALMON LASAGNE"
"300","LH","00000023","D","CHOCOLATE ICE CREAM"
"300","LH","00000024","D","VANILLA ICE CREAM"
"300","LH","00000025","D","VANILLA ICE CREAM WITH HOT CHERRIES"
"300","LH","00000026","D","VANILLA ICE CREAM WITH HOT RASPBERRIES"
"300","LH","00000027","D","APPLE STRUDEL"
"300","LH","00000028","D","RASPBERRY SORBET"
"300","LH","00000029","D","STRAWBERRY SORBET"
"300","NG","00000001","D","SEASONAL SALAD"
"300","NG","00000002","D","NICE SALAD"
"300","NG","00000003","D","PARIS SALAD"
"300","NG","00000004","D","HAMBURG SALAD WITH FRESH SHRIMPS"
"300","NG","00000005","D","QUAIL"
"300","NG","00000006","D","DUCK ON LETTUCE"
"300","NG","00000007","D","CARPACCIO"
"300","NG","00000007","E","CARPACCIO"
"300","NG","00000008","D","WIENER SCHNITZEL"
"300","NG","00000008","E","WIENER SCHNITZEL"
"300","NG","00000009","D","PORK SCHNITZEL"
"300","NG","00000010","D","SCHNITZEL WITH PEPPER SAUCE"
"300","NG","00000011","D","CHICKEN AND FRENCH FRIES"
"300","NG","00000012","D","TURKEY STEAK"
"300","NG","00000013","D","BAVARIAN DUCK"
"300","NG","00000014","D","KNUCKLE OF PORK"
"300","NG","00000015","D","FILLET OF BEEF"
"300","NG","00000016","D","TROUT AU BLEU"
"300","NG","00000017","D","TROUT MEUNIERE"
"300","NG","00000018","D","MONKFISH"
"300","NG","00000019","D","SOLE"
"300","NG","00000020","D","MINI FRIED SOLE"
"300","NG","00000021","D","SALMON IN A BEARNAISE SAUCE"
"300","NG","00000022","D","SALMON LASAGNE"
"300","NG","00000023","D","CHOCOLATE ICE CREAM"
"300","NG","00000024","D","VANILLA ICE CREAM"
"300","NG","00000025","D","VANILLA ICE CREAM WITH HOT CHERRIES"
"300","NG","00000026","D","VANILLA ICE CREAM WITH HOT RASPBERRIES"
"300","NG","00000027","D","APPLE STRUDEL"
"300","NG","00000028","D","RASPBERRY SORBET"
"300","NG","00000029","D","STRAWBERRY SORBET"
"300","NW","00000001","D","SEASONAL SALAD"
"300","NW","00000002","D","NICE SALAD"
"300","NW","00000003","D","PARIS SALAD"
"300","NW","00000004","D","HAMBURG SALAD WITH FRESH SHRIMPS"
"300","NW","00000005","D","QUAIL"
"300","NW","00000006","D","DUCK ON LETTUCE"
"300","NW","00000007","D","CARPACCIO"
"300","NW","00000007","E","CARPACCIO"
"300","NW","00000008","D","WIENER SCHNITZEL"
"300","NW","00000008","E","WIENER SCHNITZEL"
"300","NW","00000009","D","PORK SCHNITZEL"
"300","NW","00000010","D","SCHNITZEL WITH PEPPER SAUCE"
"300","NW","00000011","D","CHICKEN AND FRENCH FRIES"
"300","NW","00000012","D","TURKEY STEAK"
"300","NW","00000013","D","BAVARIAN DUCK"
"300","NW","00000014","D","KNUCKLE OF PORK"
"300","NW","00000015","D","FILLET OF BEEF"
"300","NW","00000016","D","TROUT AU BLEU"
"300","NW","00000017","D","TROUT MEUNIERE"
"300","NW","00000018","D","MONKFISH"
"300","NW","00000019","D","SOLE"
"300","NW","00000020","D","MINI FRIED SOLE"
"300","NW","00000021","D","SALMON IN A BEARNAISE SAUCE"
"300","NW","00000022","D","SALMON LASAGNE"
"300","NW","00000023","D","CHOCOLATE ICE CREAM"
"300","NW","00000024","D","VANILLA ICE CREAM"
"300","NW","00000025","D","VANILLA ICE CREAM WITH HOT CHERRIES"
"300","NW","00000026","D","VANILLA ICE CREAM WITH HOT RASPBERRIES"
"300","NW","00000027","D","APPLE STRUDEL"
"300","NW","00000028","D","RASPBERRY SORBET"
"300","NW","00000029","D","STRAWBERRY SORBET"
"300","QF","00000001","D","SEASONAL SALAD"
"300","QF","00000002","D","NICE SALAD"
"300","QF","00000003","D","PARIS SALAD"
"300","QF","00000004","D","HAMBURG SALAD WITH FRESH SHRIMPS"
"300","QF","00000005","D","QUAIL"
"300","QF","00000006","D","DUCK ON LETTUCE"
"300","QF","00000007","D","CARPACCIO"
"300","QF","00000007","E","CARPACCIO"
"300","QF","00000008","D","WIENER SCHNITZEL"
"300","QF","00000008","E","WIENER SCHNITZEL"
"300","QF","00000009","D","PORK SCHNITZEL"
"300","QF","00000010","D","SCHNITZEL WITH PEPPER SAUCE"
"300","QF","00000011","D","CHICKEN AND FRENCH FRIES"
"300","QF","00000012","D","TURKEY STEAK"
"300","QF","00000013","D","BAVARIAN DUCK"
"300","QF","00000014","D","KNUCKLE OF PORK"
"300","QF","00000015","D","FILLET OF BEEF"
"300","QF","00000016","D","TROUT AU BLEU"
"300","QF","00000017","D","TROUT MEUNIERE"
"300","QF","00000018","D","MONKFISH"
"300","QF","00000019","D","SOLE"
"300","QF","00000020","D","MINI FRIED SOLE"
"300","QF","00000021","D","SALMON IN A BEARNAISE SAUCE"
"300","QF","00000022","D","SALMON LASAGNE"
"300","QF","00000023","D","CHOCOLATE ICE CREAM"
"300","QF","00000024","D","VANILLA ICE CREAM"
"300","QF","00000025","D","VANILLA ICE CREAM WITH HOT CHERRIES"
"300","QF","00000026","D","VANILLA ICE CREAM WITH HOT RASPBERRIES"
"300","QF","00000027","D","APPLE STRUDEL"
"300","QF","00000028","D","RASPBERRY SORBET"
"300","QF","00000029","D","STRAWBERRY SORBET"
"300","SA","00000001","D","SEASONAL SALAD"
"300","SA","00000002","D","NICE SALAD"
"300","SA","00000003","D","PARIS SALAD"
"300","SA","00000004","D","HAMBURG SALAD WITH FRESH SHRIMPS"
"300","SA","00000005","D","QUAIL"
"300","SA","00000006","D","DUCK ON LETTUCE"
"300","SA","00000007","D","CARPACCIO"
"300","SA","00000007","E","CARPACCIO"
"300","SA","00000008","D","WIENER SCHNITZEL"
"300","SA","00000008","E","WIENER SCHNITZEL"
"300","SA","00000009","D","PORK SCHNITZEL"
"300","SA","00000010","D","SCHNITZEL WITH PEPPER SAUCE"
"300","SA","00000011","D","CHICKEN AND FRENCH FRIES"
"300","SA","00000012","D","TURKEY STEAK"
"300","SA","00000013","D","BAVARIAN DUCK"
"300","SA","00000014","D","KNUCKLE OF PORK"
"300","SA","00000015","D","FILLET OF BEEF"
"300","SA","00000016","D","TROUT AU BLEU"
"300","SA","00000017","D","TROUT MEUNIERE"
"300","SA","00000018","D","MONKFISH"
"300","SA","00000019","D","SOLE"
"300","SA","00000020","D","MINI FRIED SOLE"
"300","SA","00000021","D","SALMON IN A BEARNAISE SAUCE"
"300","SA","00000022","D","SALMON LASAGNE"
"300","SA","00000023","D","CHOCOLATE ICE CREAM"
"300","SA","00000024","D","VANILLA ICE CREAM"
"300","SA","00000025","D","VANILLA ICE CREAM WITH HOT CHERRIES"
"300","SA","00000026","D","VANILLA ICE CREAM WITH HOT RASPBERRIES"
"300","SA","00000027","D","APPLE STRUDEL"
"300","SA","00000028","D","RASPBERRY SORBET"
"300","SA","00000029","D","STRAWBERRY SORBET"
"300","SQ","00000001","D","SEASONAL SALAD"
"300","SQ","00000002","D","NICE SALAD"
"300","SQ","00000003","D","PARIS SALAD"
"300","SQ","00000004","D","HAMBURG SALAD WITH FRESH SHRIMPS"
"300","SQ","00000005","D","QUAIL"
"300","SQ","00000006","D","DUCK ON LETTUCE"
"300","SQ","00000007","D","CARPACCIO"
"300","SQ","00000007","E","CARPACCIO"
"300","SQ","00000008","D","WIENER SCHNITZEL"
"300","SQ","00000008","E","WIENER SCHNITZEL"
"300","SQ","00000009","D","PORK SCHNITZEL"
"300","SQ","00000010","D","SCHNITZEL WITH PEPPER SAUCE"
"300","SQ","00000011","D","CHICKEN AND FRENCH FRIES"
"300","SQ","00000012","D","TURKEY STEAK"
"300","SQ","00000013","D","BAVARIAN DUCK"
"300","SQ","00000014","D","KNUCKLE OF PORK"
"300","SQ","00000015","D","FILLET OF BEEF"
"300","SQ","00000016","D","TROUT AU BLEU"
"300","SQ","00000017","D","TROUT MEUNIERE"
"300","SQ","00000018","D","MONKFISH"
"300","SQ","00000019","D","SOLE"
"300","SQ","00000020","D","MINI FRIED SOLE"
"300","SQ","00000021","D","SALMON IN A BEARNAISE SAUCE"
"300","SQ","00000022","D","SALMON LASAGNE"
"300","SQ","00000023","D","CHOCOLATE ICE CREAM"
"300","SQ","00000024","D","VANILLA ICE CREAM"
"300","SQ","00000025","D","VANILLA ICE CREAM WITH HOT CHERRIES"
"300","SQ","00000026","D","VANILLA ICE CREAM WITH HOT RASPBERRIES"
"300","SQ","00000027","D","APPLE STRUDEL"
"300","SQ","00000028","D","RASPBERRY SORBET"
"300","SQ","00000029","D","STRAWBERRY SORBET"
"300","SR","00000001","D","SEASONAL SALAD"
"300","SR","00000002","D","NICE SALAD"
"300","SR","00000003","D","PARIS SALAD"
"300","SR","00000004","D","HAMBURG SALAD WITH FRESH SHRIMPS"
"300","SR","00000005","D","QUAIL"
"300","SR","00000006","D","DUCK ON LETTUCE"
"300","SR","00000007","D","CARPACCIO"
"300","SR","00000007","E","CARPACCIO"
"300","SR","00000008","D","WIENER SCHNITZEL"
"300","SR","00000008","E","WIENER SCHNITZEL"
"300","SR","00000009","D","PORK SCHNITZEL"
"300","SR","00000010","D","SCHNITZEL WITH PEPPER SAUCE"
"300","SR","00000011","D","CHICKEN AND FRENCH FRIES"
"300","SR","00000012","D","TURKEY STEAK"
"300","SR","00000013","D","BAVARIAN DUCK"
"300","SR","00000014","D","KNUCKLE OF PORK"
"300","SR","00000015","D","FILLET OF BEEF"
"300","SR","00000016","D","TROUT AU BLEU"
"300","SR","00000017","D","TROUT MEUNIERE"
"300","SR","00000018","D","MONKFISH"
"300","SR","00000019","D","SOLE"
"300","SR","00000020","D","MINI FRIED SOLE"
"300","SR","00000021","D","SALMON IN A BEARNAISE SAUCE"
"300","SR","00000022","D","SALMON LASAGNE"
"300","SR","00000023","D","CHOCOLATE ICE CREAM"
"300","SR","00000024","D","VANILLA ICE CREAM"
"300","SR","00000025","D","VANILLA ICE CREAM WITH HOT CHERRIES"
"300","SR","00000026","D","VANILLA ICE CREAM WITH HOT RASPBERRIES"
"300","SR","00000027","D","APPLE STRUDEL"
"300","SR","00000028","D","RASPBERRY SORBET"
"300","SR","00000029","D","STRAWBERRY SORBET"
"300","UA","00000001","D","SEASONAL SALAD"
"300","UA","00000002","D","NICE SALAD"
"300","UA","00000003","D","PARIS SALAD"
"300","UA","00000004","D","HAMBURG SALAD WITH FRESH SHRIMPS"
"300","UA","00000005","D","QUAIL"
"300","UA","00000006","D","DUCK ON LETTUCE"
"300","UA","00000007","D","CARPACCIO"
"300","UA","00000007","E","CARPACCIO"
"300","UA","00000008","D","WIENER SCHNITZEL"
"300","UA","00000008","E","WIENER SCHNITZEL"
"300","UA","00000009","D","PORK SCHNITZEL"
"300","UA","00000010","D","SCHNITZEL WITH PEPPER SAUCE"
"300","UA","00000011","D","CHICKEN AND FRENCH FRIES"
"300","UA","00000012","D","TURKEY STEAK"
"300","UA","00000013","D","BAVARIAN DUCK"
"300","UA","00000014","D","KNUCKLE OF PORK"
"300","UA","00000015","D","FILLET OF BEEF"
"300","UA","00000016","D","TROUT AU BLEU"
"300","UA","00000017","D","TROUT MEUNIERE"
"300","UA","00000018","D","MONKFISH"
"300","UA","00000019","D","SOLE"
"300","UA","00000020","D","MINI FRIED SOLE"
"300","UA","00000021","D","SALMON IN A BEARNAISE SAUCE"
"300","UA","00000022","D","SALMON LASAGNE"
"300","UA","00000023","D","CHOCOLATE ICE CREAM"
"300","UA","00000024","D","VANILLA ICE CREAM"
"300","UA","00000025","D","VANILLA ICE CREAM WITH HOT CHERRIES"
"300","UA","00000026","D","VANILLA ICE CREAM WITH HOT RASPBERRIES"
"300","UA","00000027","D","APPLE STRUDEL"
"300","UA","00000028","D","RASPBERRY SORBET"
"300","UA","00000029","D","STRAWBERRY SORBET"
"300","AA","00000001","D","SEASONAL SALAD"
"300","AA","00000002","D","NICE SALAD"
"300","AA","00000003","D","PARIS SALAD"
"300","AA","00000004","D","HAMBURG SALAD WITH FRESH SHRIMPS"
"300","AA","00000005","D","QUAIL"
"300","AA","00000006","D","DUCK ON LETTUCE"
"300","AA","00000007","D","CARPACCIO"
"300","AA","00000007","E","CARPACCIO"
"300","AA","00000008","D","WIENER SCHNITZEL"
"300","AA","00000008","E","WIENER SCHNITZEL"
"300","AA","00000009","D","PORK SCHNITZEL"
"300","AA","00000010","D","SCHNITZEL WITH PEPPER SAUCE"
"300","AA","00000011","D","CHICKEN AND FRENCH FRIES"
"300","AA","00000012","D","TURKEY STEAK"
"300","AA","00000013","D","BAVARIAN DUCK"
"300","AA","00000014","D","KNUCKLE OF PORK"
"300","AA","00000015","D","FILLET OF BEEF"
"300","AA","00000016","D","TROUT AU BLEU"
"300","AA","00000017","D","TROUT MEUNIERE"
"300","AA","00000018","D","MONKFISH"
"300","AA","00000019","D","SOLE"
"300","AA","00000020","D","MINI FRIED SOLE"
"300","AA","00000021","D","SALMON IN A BEARNAISE SAUCE"
"300","AA","00000022","D","SALMON LASAGNE"
"300","AA","00000023","D","CHOCOLATE ICE CREAM"
"300","AA","00000024","D","VANILLA ICE CREAM"
"300","AA","00000025","D","VANILLA ICE CREAM WITH HOT CHERRIES"
"300","AA","00000026","D","VANILLA ICE CREAM WITH HOT RASPBERRIES"
"300","AA","00000027","D","APPLE STRUDEL"
"300","AA","00000028","D","RASPBERRY SORBET"
"300","AA","00000029","D","STRAWBERRY SORBET"
"300","AB","00000001","D","SEASONAL SALAD"
"300","AB","00000002","D","NICE SALAD"
"300","AB","00000003","D","PARIS SALAD"
"300","AB","00000004","D","HAMBURG SALAD WITH FRESH SHRIMPS"
"300","AB","00000005","D","QUAIL"
"300","AB","00000006","D","DUCK ON LETTUCE"
"300","AB","00000007","D","CARPACCIO"
"300","AB","00000007","E","CARPACCIO"
"300","AB","00000008","D","WIENER SCHNITZEL"
"300","AB","00000008","E","WIENER SCHNITZEL"
"300","AB","00000009","D","PORK SCHNITZEL"
"300","AB","00000010","D","SCHNITZEL WITH PEPPER SAUCE"
"300","AB","00000011","D","CHICKEN AND FRENCH FRIES"
"300","AB","00000012","D","TURKEY STEAK"
"300","AB","00000013","D","BAVARIAN DUCK"
"300","AB","00000014","D","KNUCKLE OF PORK"
"300","AB","00000015","D","FILLET OF BEEF"
"300","AB","00000016","D","TROUT AU BLEU"
"300","AB","00000017","D","TROUT MEUNIERE"
"300","AB","00000018","D","MONKFISH"
"300","AB","00000019","D","SOLE"
"300","AB","00000020","D","MINI FRIED SOLE"
"300","AB","00000021","D","SALMON IN A BEARNAISE SAUCE"
"300","AB","00000022","D","SALMON LASAGNE"
"300","AB","00000023","D","CHOCOLATE ICE CREAM"
"300","AB","00000024","D","VANILLA ICE CREAM"
"300","AB","00000025","D","VANILLA ICE CREAM WITH HOT CHERRIES"
"300","AB","00000026","D","VANILLA ICE CREAM WITH HOT RASPBERRIES"
"300","AB","00000027","D","APPLE STRUDEL"
"300","AB","00000028","D","RASPBERRY SORBET"
"300","AB","00000029","D","STRAWBERRY SORBET"
"300","AC","00000001","D","SEASONAL SALAD"
"300","AC","00000002","D","NICE SALAD"
"300","AC","00000003","D","PARIS SALAD"
"300","AC","00000004","D","HAMBURG SALAD WITH FRESH SHRIMPS"
"300","AC","00000005","D","QUAIL"
"300","AC","00000006","D","DUCK ON LETTUCE"
"300","AC","00000007","D","CARPACCIO"
"300","AC","00000007","E","CARPACCIO"
"300","AC","00000008","D","WIENER SCHNITZEL"
"300","AC","00000008","E","WIENER SCHNITZEL"
"300","AC","00000009","D","PORK SCHNITZEL"
"300","AC","00000010","D","SCHNITZEL WITH PEPPER SAUCE"
"300","AC","00000011","D","CHICKEN AND FRENCH FRIES"
"300","AC","00000012","D","TURKEY STEAK"
"300","AC","00000013","D","BAVARIAN DUCK"
"300","AC","00000014","D","KNUCKLE OF PORK"
"300","AC","00000015","D","FILLET OF BEEF"
"300","AC","00000016","D","TROUT AU BLEU"
"300","AC","00000017","D","TROUT MEUNIERE"
"300","AC","00000018","D","MONKFISH"
"300","AC","00000019","D","SOLE"
"300","AC","00000020","D","MINI FRIED SOLE"
"300","AC","00000021","D","SALMON IN A BEARNAISE SAUCE"
"300","AC","00000022","D","SALMON LASAGNE"
"300","AC","00000023","D","CHOCOLATE ICE CREAM"
"300","AC","00000024","D","VANILLA ICE CREAM"
"300","AC","00000025","D","VANILLA ICE CREAM WITH HOT CHERRIES"
"300","AC","00000026","D","VANILLA ICE CREAM WITH HOT RASPBERRIES"
"300","AC","00000027","D","APPLE STRUDEL"
"300","AC","00000028","D","RASPBERRY SORBET"
"300","AC","00000029","D","STRAWBERRY SORBET"
"300","AF","00000001","D","SEASONAL SALAD"
"300","AF","00000002","D","NICE SALAD"
"300","AF","00000003","D","PARIS SALAD"
"300","AF","00000004","D","HAMBURG SALAD WITH FRESH SHRIMPS"
"300","AF","00000005","D","QUAIL"
"300","AF","00000006","D","DUCK ON LETTUCE"
"300","AF","00000007","D","CARPACCIO"
"300","AF","00000007","E","CARPACCIO"
"300","AF","00000008","D","WIENER SCHNITZEL"
"300","AF","00000008","E","WIENER SCHNITZEL"
"300","AF","00000009","D","PORK SCHNITZEL"
"300","AF","00000010","D","SCHNITZEL WITH PEPPER SAUCE"
"300","AF","00000011","D","CHICKEN AND FRENCH FRIES"
"300","AF","00000012","D","TURKEY STEAK"
"300","AF","00000013","D","BAVARIAN DUCK"
"300","AF","00000014","D","KNUCKLE OF PORK"
"300","AF","00000015","D","FILLET OF BEEF"
"300","AF","00000016","D","TROUT AU BLEU"
"300","AF","00000017","D","TROUT MEUNIERE"
"300","AF","00000018","D","MONKFISH"
"300","AF","00000019","D","SOLE"
"300","AF","00000020","D","MINI FRIED SOLE"
"300","AF","00000021","D","SALMON IN A BEARNAISE SAUCE"
"300","AF","00000022","D","SALMON LASAGNE"
"300","AF","00000023","D","CHOCOLATE ICE CREAM"
"300","AF","00000024","D","VANILLA ICE CREAM"
"300","AF","00000025","D","VANILLA ICE CREAM WITH HOT CHERRIES"
"300","AF","00000026","D","VANILLA ICE CREAM WITH HOT RASPBERRIES"
"300","AF","00000027","D","APPLE STRUDEL"
"300","AF","00000028","D","RASPBERRY SORBET"
"300","AF","00000029","D","STRAWBERRY SORBET"
"300","AZ","00000001","D","SEASONAL SALAD"
"300","AZ","00000002","D","NICE SALAD"
"300","AZ","00000003","D","PARIS SALAD"
"300","AZ","00000004","D","HAMBURG SALAD WITH FRESH SHRIMPS"
"300","AZ","00000005","D","QUAIL"
"300","AZ","00000006","D","DUCK ON LETTUCE"
"300","AZ","00000007","D","CARPACCIO"
"300","AZ","00000007","E","CARPACCIO"
"300","AZ","00000008","D","WIENER SCHNITZEL"
"300","AZ","00000008","E","WIENER SCHNITZEL"
"300","AZ","00000009","D","PORK SCHNITZEL"
"300","AZ","00000010","D","SCHNITZEL WITH PEPPER SAUCE"
"300","AZ","00000011","D","CHICKEN AND FRENCH FRIES"
"300","AZ","00000012","D","TURKEY STEAK"
"300","AZ","00000013","D","BAVARIAN DUCK"
"300","AZ","00000014","D","KNUCKLE OF PORK"
"300","AZ","00000015","D","FILLET OF BEEF"
"300","AZ","00000016","D","TROUT AU BLEU"
"300","AZ","00000017","D","TROUT MEUNIERE"
"300","AZ","00000018","D","MONKFISH"
"300","AZ","00000019","D","SOLE"
"300","AZ","00000020","D","MINI FRIED SOLE"
"300","AZ","00000021","D","SALMON IN A BEARNAISE SAUCE"
"300","AZ","00000022","D","SALMON LASAGNE"
"300","AZ","00000023","D","CHOCOLATE ICE CREAM"
"300","AZ","00000024","D","VANILLA ICE CREAM"
"300","AZ","00000025","D","VANILLA ICE CREAM WITH HOT CHERRIES"
"300","AZ","00000026","D","VANILLA ICE CREAM WITH HOT RASPBERRIES"
"300","AZ","00000027","D","APPLE STRUDEL"
"300","AZ","00000028","D","RASPBERRY SORBET"
"300","AZ","00000029","D","STRAWBERRY SORBET"
"300","BA","00000001","D","SEASONAL SALAD"
"300","BA","00000002","D","NICE SALAD"
"300","BA","00000003","D","PARIS SALAD"
"300","BA","00000004","D","HAMBURG SALAD WITH FRESH SHRIMPS"
"300","BA","00000005","D","QUAIL"
"300","BA","00000006","D","DUCK ON LETTUCE"
"300","BA","00000007","D","CARPACCIO"
"300","BA","00000007","E","CARPACCIO"
"300","BA","00000008","D","WIENER SCHNITZEL"
"300","BA","00000008","E","WIENER SCHNITZEL"
"300","BA","00000009","D","PORK SCHNITZEL"
"300","BA","00000010","D","SCHNITZEL WITH PEPPER SAUCE"
"300","BA","00000011","D","CHICKEN AND FRENCH FRIES"
"300","BA","00000012","D","TURKEY STEAK"
"300","BA","00000013","D","BAVARIAN DUCK"
"300","BA","00000014","D","KNUCKLE OF PORK"
"300","BA","00000015","D","FILLET OF BEEF"
"300","BA","00000016","D","TROUT AU BLEU"
"300","BA","00000017","D","TROUT MEUNIERE"
"300","BA","00000018","D","MONKFISH"
"300","BA","00000019","D","SOLE"
"300","BA","00000020","D","MINI FRIED SOLE"
"300","BA","00000021","D","SALMON IN A BEARNAISE SAUCE"
"300","BA","00000022","D","SALMON LASAGNE"
"300","BA","00000023","D","CHOCOLATE ICE CREAM"
"300","BA","00000024","D","VANILLA ICE CREAM"
"300","BA","00000025","D","VANILLA ICE CREAM WITH HOT CHERRIES"
"300","BA","00000026","D","VANILLA ICE CREAM WITH HOT RASPBERRIES"
"300","BA","00000027","D","APPLE STRUDEL"
"300","BA","00000028","D","RASPBERRY SORBET"
"300","BA","00000029","D","STRAWBERRY SORBET"
"300","CO","00000001","D","SEASONAL SALAD"
"300","CO","00000002","D","NICE SALAD"
"300","CO","00000003","D","PARIS SALAD"
"300","CO","00000004","D","HAMBURG SALAD WITH FRESH SHRIMPS"
"300","CO","00000005","D","QUAIL"
"300","CO","00000006","D","DUCK ON LETTUCE"
"300","CO","00000007","D","CARPACCIO"
"300","CO","00000007","E","CARPACCIO"
"300","CO","00000008","D","WIENER SCHNITZEL"
"300","CO","00000008","E","WIENER SCHNITZEL"
"300","CO","00000009","D","PORK SCHNITZEL"
"300","CO","00000010","D","SCHNITZEL WITH PEPPER SAUCE"
"300","CO","00000011","D","CHICKEN AND FRENCH FRIES"
"300","CO","00000012","D","TURKEY STEAK"
"300","CO","00000013","D","BAVARIAN DUCK"
"300","CO","00000014","D","KNUCKLE OF PORK"
"300","CO","00000015","D","FILLET OF BEEF"
"300","CO","00000016","D","TROUT AU BLEU"
"300","CO","00000017","D","TROUT MEUNIERE"
"300","CO","00000018","D","MONKFISH"
"300","CO","00000019","D","SOLE"
"300","CO","00000020","D","MINI FRIED SOLE"
"300","CO","00000021","D","SALMON IN A BEARNAISE SAUCE"
"300","CO","00000022","D","SALMON LASAGNE"
"300","CO","00000023","D","CHOCOLATE ICE CREAM"
"300","CO","00000024","D","VANILLA ICE CREAM"
"300","CO","00000025","D","VANILLA ICE CREAM WITH HOT CHERRIES"
"300","CO","00000026","D","VANILLA ICE CREAM WITH HOT RASPBERRIES"
"300","CO","00000027","D","APPLE STRUDEL"
"300","CO","00000028","D","RASPBERRY SORBET"
"300","CO","00000029","D","STRAWBERRY SORBET"
"300","DL","00000001","D","SEASONAL SALAD"
"300","DL","00000002","D","NICE SALAD"
"300","DL","00000003","D","PARIS SALAD"
"300","DL","00000004","D","HAMBURG SALAD WITH FRESH SHRIMPS"
"300","DL","00000005","D","QUAIL"
"300","DL","00000006","D","DUCK ON LETTUCE"
"300","DL","00000007","D","CARPACCIO"
"300","DL","00000007","E","CARPACCIO"
"300","DL","00000008","D","WIENER SCHNITZEL"
"300","DL","00000008","E","WIENER SCHNITZEL"
"300","DL","00000009","D","PORK SCHNITZEL"
"300","DL","00000010","D","SCHNITZEL WITH PEPPER SAUCE"
"300","DL","00000011","D","CHICKEN AND FRENCH FRIES"
"300","DL","00000012","D","TURKEY STEAK"
"300","DL","00000013","D","BAVARIAN DUCK"
"300","DL","00000014","D","KNUCKLE OF PORK"
"300","DL","00000015","D","FILLET OF BEEF"
"300","DL","00000016","D","TROUT AU BLEU"
"300","DL","00000017","D","TROUT MEUNIERE"
"300","DL","00000018","D","MONKFISH"
"300","DL","00000019","D","SOLE"
"300","DL","00000020","D","MINI FRIED SOLE"
"300","DL","00000021","D","SALMON IN A BEARNAISE SAUCE"
"300","DL","00000022","D","SALMON LASAGNE"
"300","DL","00000023","D","CHOCOLATE ICE CREAM"
"300","DL","00000024","D","VANILLA ICE CREAM"
"300","DL","00000025","D","VANILLA ICE CREAM WITH HOT CHERRIES"
"300","DL","00000026","D","VANILLA ICE CREAM WITH HOT RASPBERRIES"
"300","DL","00000027","D","APPLE STRUDEL"
"300","DL","00000028","D","RASPBERRY SORBET"
"300","DL","00000029","D","STRAWBERRY SORBET"
"300","FJ","00000001","D","SEASONAL SALAD"
"300","FJ","00000002","D","NICE SALAD"
"300","FJ","00000003","D","PARIS SALAD"
"300","FJ","00000004","D","HAMBURG SALAD WITH FRESH SHRIMPS"
"300","FJ","00000005","D","QUAIL"
"300","FJ","00000006","D","DUCK ON LETTUCE"
"300","FJ","00000007","D","CARPACCIO"
"300","FJ","00000007","E","CARPACCIO"
"300","FJ","00000008","D","WIENER SCHNITZEL"
"300","FJ","00000008","E","WIENER SCHNITZEL"
"300","FJ","00000009","D","PORK SCHNITZEL"
"300","FJ","00000010","D","SCHNITZEL WITH PEPPER SAUCE"
"300","FJ","00000011","D","CHICKEN AND FRENCH FRIES"
"300","FJ","00000012","D","TURKEY STEAK"
"300","FJ","00000013","D","BAVARIAN DUCK"
"300","FJ","00000014","D","KNUCKLE OF PORK"
"300","FJ","00000015","D","FILLET OF BEEF"
"300","FJ","00000016","D","TROUT AU BLEU"
"300","FJ","00000017","D","TROUT MEUNIERE"
"300","FJ","00000018","D","MONKFISH"
"300","FJ","00000019","D","SOLE"
"300","FJ","00000020","D","MINI FRIED SOLE"
"300","FJ","00000021","D","SALMON IN A BEARNAISE SAUCE"
"300","FJ","00000022","D","SALMON LASAGNE"
"300","FJ","00000023","D","CHOCOLATE ICE CREAM"
"300","FJ","00000024","D","VANILLA ICE CREAM"
"300","FJ","00000025","D","VANILLA ICE CREAM WITH HOT CHERRIES"
"300","FJ","00000026","D","VANILLA ICE CREAM WITH HOT RASPBERRIES"
"300","FJ","00000027","D","APPLE STRUDEL"
"300","FJ","00000028","D","RASPBERRY SORBET"
"300","FJ","00000029","D","STRAWBERRY SORBET"
