"300","AA","00000001",""
"300","AA","00000002",""
"300","AA","00000003",""
"300","AA","00000004",""
"300","AA","00000005",""
"300","AA","00000006",""
"300","AA","00000007",""
"300","AB","00000001",""
"300","AB","00000002",""
"300","AB","00000003",""
"300","AB","00000004",""
"300","AB","00000005",""
"300","AB","00000006",""
"300","AB","00000007",""
"300","AC","00000001",""
"300","AC","00000002",""
"300","AC","00000003",""
"300","AC","00000004",""
"300","AC","00000005",""
"300","AC","00000006",""
"300","AC","00000007",""
"300","AF","00000001",""
"300","AF","00000002",""
"300","AF","00000003",""
"300","AF","00000004",""
"300","AF","00000005",""
"300","AF","00000006",""
"300","AF","00000007",""
"300","AZ","00000001",""
"300","AZ","00000002",""
"300","AZ","00000003",""
"300","AZ","00000004",""
"300","AZ","00000005",""
"300","AZ","00000006",""
"300","AZ","00000007",""
"300","BA","00000001",""
"300","BA","00000002",""
"300","BA","00000003",""
"300","BA","00000004",""
"300","BA","00000005",""
"300","BA","00000006",""
"300","BA","00000007",""
"300","CO","00000001",""
"300","CO","00000002",""
"300","CO","00000003",""
"300","CO","00000004",""
"300","CO","00000005",""
"300","CO","00000006",""
"300","CO","00000007",""
"300","DL","00000001",""
"300","DL","00000002",""
"300","DL","00000003",""
"300","DL","00000004",""
"300","DL","00000005",""
"300","DL","00000006",""
"300","DL","00000007",""
"300","FJ","00000001",""
"300","FJ","00000002",""
"300","FJ","00000003",""
"300","FJ","00000004",""
"300","FJ","00000005",""
"300","FJ","00000006",""
"300","FJ","00000007",""
"300","JL","00000001",""
"300","JL","00000002",""
"300","JL","00000003",""
"300","JL","00000004",""
"300","JL","00000005",""
"300","JL","00000006",""
"300","JL","00000007",""
"300","LH","00000001",""
"300","LH","00000002",""
"300","LH","00000003",""
"300","LH","00000004",""
"300","LH","00000005",""
"300","LH","00000006",""
"300","LH","00000007",""
"300","NG","00000001",""
"300","NG","00000002",""
"300","NG","00000003",""
"300","NG","00000004",""
"300","NG","00000005",""
"300","NG","00000006",""
"300","NG","00000007",""
"300","NW","00000001",""
"300","NW","00000002",""
"300","NW","00000003",""
"300","NW","00000004",""
"300","NW","00000005",""
"300","NW","00000006",""
"300","NW","00000007",""
"300","QF","00000001",""
"300","QF","00000002",""
"300","QF","00000003",""
"300","QF","00000004",""
"300","QF","00000005",""
"300","QF","00000006",""
"300","QF","00000007",""
"300","SA","00000001",""
"300","SA","00000002",""
"300","SA","00000003",""
"300","SA","00000004",""
"300","SA","00000005",""
"300","SA","00000006",""
"300","SA","00000007",""
"300","SQ","00000001",""
"300","SQ","00000002",""
"300","SQ","00000003",""
"300","SQ","00000004",""
"300","SQ","00000005",""
"300","SQ","00000006",""
"300","SQ","00000007",""
"300","SR","00000001",""
"300","SR","00000002",""
"300","SR","00000003",""
"300","SR","00000004",""
"300","SR","00000005",""
"300","SR","00000006",""
"300","SR","00000007",""
"300","UA","00000001",""
"300","UA","00000002",""
"300","UA","00000003",""
"300","UA","00000004",""
"300","UA","00000005",""
"300","UA","00000006",""
"300","UA","00000007",""
