"300","00000055","Sunshine Travel","134 West Street","","54323","Rochester","US","NY","+1 901-632-5620","http://www.sunshine-travel.sap","E","USD"
"300","00000061","Fly High","Berliner Allee 11","","40880","Duesseldorf","DE","05","+49 2102 69555","http://www.flyhigh.sap","D","EUR"
"300","00000087","Happy Hopping","Calvinstr. 36","","13467","Berlin","DE","11","+49 30-8853-0","http://www.haphop.sap","D","EUR"
"300","00000093","Pink Panther","Auf der Schanz 54","","65936","Frankfurt","DE","06","+49 69-467653-0","http://www.pinkpanther.sap","D","EUR"
"300","00000100","Your Choice","Gustav-Jung-Str. 425","","90455","Nuernberg","DE","09","+49 9256-4548-0","http://www.yc.sap","D","EUR"
"300","00000101","Bella Italia","Via Marconi 123","","00139","Roma","IT","","+39 6 893546721","http://www.tours.it/Adventure/","I","EUR"
"300","00000102","Hot Socks Travel","224 Balnagask Rd","15 08 69","8053","Sydney","AU","NSW","+61 2 2004 5000","http://www.hst.co.au","E","AUD"
"300","00000103","Burns Nuclear","14 Science Park Drive","","118228","Singapore","SG","","+65 777-5566","http://www.burns-burns-burns.sg","E","SGD"
"300","00000104","Honauer Reisen GmbH","Baumgarten 8","","4212","Neumarkt","AT","","+43 7941 8903","http://www.honauer.at","D","EUR"
"300","00000105","Travel from Walldorf","Altonaer Str. 24","","10557","Berlin","DE","11","+49 30-622860","http://www.travel-from-walldorf","D","EUR"
"300","00000106","Voyager Enterprises","Gustavslundsvaegen 151","","70563","Stockholm","SE","","+46 8/ 587 70000","http://www.starfleet.ufp","V","SEK"
"300","00000107","Ben McCloskey Ltd.","74 Court Oak Rd","","B17 9TN","Birmingham","GB","","+44 121 365-2251","http://www.ben-mcCloskey.co.uk","E","GBP"
"300","00000108","Pillepalle Trips","Gorki Park 4","","8008","Zuerich","CH","","+41 1 345-5321","http://www.pi-pa-tri.sap","D","CHF"
"300","00000109","Kangeroos","Lancaster drive 435","","20001","London","GB","LO","+44 171-2937638","http://www.hopp.sap","E","GBP"
"300","00000110","Bavarian Castle","Pilnizerstr. 241","","01069","Dresden","DE","","+49 98-32832732","http://www.neu.schwanstein.sap","D","EUR"
"300","00000111","Ali's Bazar","45\, Mac Arthur Boulevard","","19113","Boston","US","MA","+1 508-692-5200","http://www.ali.sap","E","USD"
"300","00000112","Super Agency","50 Cranworth St","","G12 8AG","Glasgow","GB","","+44 141 711-5643","http://www.super.sap","E","GBP"
"300","00000113","Wang Chong","Gagarine Park","","150021","Moscow","RU","","+7 3287-213321","http://www.wang.chong.sap","E","USD"
"300","00000114","Around the World","An der Breiten Wiese 122","","30625","Hannover","DE","03","+49 511-347589-0","http://www.atw.sap","D","EUR"
"300","00000115","No Return","Wahnheider Str. 57","","51105","Koeln","DE","05","+49 221-5689-100","http://www.bye-bye.sap","D","EUR"
"300","00000116","Special Agency Peru","Triberger Str. 42","","70569","Stuttgart","DE","08","+49 711-7100","http://www.sap.com","D","EUR"
"300","00000117","Caribian Dreams","Deichstrasse 45","","26721","Emden","DE","03","+49 2670-8560-0","http://www.cuba-libre.sap","D","EUR"
"300","00000118","Asia By Plane","6-9 Iidabashi 7-chome","","102-0072","Tokyo","JP","","+81 3-3239-3501","http://www.asia-by-plane.co.jp","E","JPY"
"300","00000119","Everywhere","Regensburger Platz 23","","81679","Muenchen","DE","09","+49 89-2499239","http://www.everywhere.sap","D","EUR"
"300","00000120","Happy Holiday","Rastenburger Str. 12","","28779","Bremen","DE","04","+49 3266-288817","http://www.haphol.sap","D","EUR"
"300","00000121","No Name","Schwalbenweg 43","","52078","Aachen","DE","05","+49 241-77729","http://www.nn.sap","D","EUR"
"300","00000122","Fly Low","Chemnitzer Str. 42","","01187","Dresden","DE","14","+49 351-5423-00","http://www.fly-low.sap","D","EUR"
"300","00000123","Aussie Travel","Queens Road","","M8 7RYP","Manchester","GB","GM","+44 161 2052000","http://www.down-under.sap","E","GBP"
"300","00000124","Up 'n' Away","Nackenbergerstr. 92","","30625","Hannover","DE","03","+49 511 403266-0","http://www.una.sap","D","EUR"
"300","00000125","Trans World Travel","100 Industrial Drive","","60804","Chicago","US","IL","+1 708-454-8723","http://www.twt.sap","E","USD"
"300","00000130","Bright Side of Life","340 State Street","","30432","San Francisco","US","CA","+1 415-454-9877","http://www.ruebennase.sap","E","USD"
"300","00000152","Sunny\, Sunny\, Sunny","1300 State Street","","19003","Philadelphia","US","PA","+1 215-090-7659","http://www.s3.sap","E","USD"
"300","00000188","Fly & Smile","Zeppelinstr. 17","16 05 29","60318","Frankfurt","DE","06","+49 69-99-0","http://www.fly-and-smile.sap","D","EUR"
"300","00000222","Supercheap","1400\, Washington Circle","","30439","Los Angeles","US","CA","+1 251-369-2510","http://www.supercheap.sap","E","USD"
"300","00000224","Hitchhiker","21 Rue de Moselle","","92132","Issy-les-Moulineaux","FR","57","+33 1-405-555-888","http://www.42.sap","F","EUR"
"300","00000229","Fly Now\, Pay Later","100 Madison","","11012","New York","US","NY","+1 512 343-8543","http://www.fn-pl.sap","E","USD"
"300","00000233","Real Weird Vacation","949 5th Street","","V6T 1Z4","Vancouver","CA","","+1 604 827-8024","http://www.reweva.sap","E","CAD"
"300","00000254","Cap Travels Ltd.","10 Mandela St","16 05 29","2128","Johannesburg","ZA","06","+27 11 886-8981","http://www.cap-travels.co.za","E","ZAR"
"300","00000284","Rainy\, Stormy\, Cloudy","Lindenstr. 462","","70563","Stuttgart","DE","08","+49 711-7992-00","http://www.windy.sap/rsc/","D","EUR"
"300","00000291","Women only","Kirchstr. 53","","55124","Mainz","DE","07","+49 6131-543-00","http://www.women-only.sap","D","EUR"
"300","00000294","Maxitrip","Flugfeld 17","11 06 68","65128","Wiesbaden","DE","05","+49 611-55 66 77","http://www.maxitrip.sap","D","EUR"
"300","00000295","The Ultimate Answer","Manchester Rd 20","","AB1 1SA","Avon","GB","AV","+44 934-66799","http://www.thulan.sap","E","GBP"
"300","00000297","Intertravel","Michigan Ave","","60154","Chicago","US","IL","+1 788 798-6555","http://www.intertravel.sap","E","USD"
"300","00000301","Ultimate Goal","300 Peach tree street Sou","","01069","Atlanta","US","GA","+1 874-654-6686","http://www.ultimate-goal.sap","E","USD"
"300","00000304","Submit and Return","20890 East Central Ave","","30987","Palo Alto","US","CA","+1 652 645-5236","http://www.sar.sap","E","USD"
"300","00000310","Hendrik's","1200 Industrial Drive","","60153","Chicago","US","IL","+1 08-924-9884","http://www.essen.sap/150596","E","USD"
"300","00000319","All British Air Planes","224 Tomato Lane","","08965","Vineland","US","NJ","+44 609-896-Moore","http://www.abap.sap","E","USD"
"300","00000320","Rocky Horror Tours","789 Santa Monica Blvd.","","08934","Santa Monica","US","PA","+1 64351-6455-654","http://www.frank.furter.sap","E","USD"
"300","00000323","Miles and More","777 Arlington Blvd.","","46515","Elkhart","US","IN","+1 646 867-6888","http://www.mam.sap","E","USD"
"300","00000325","Not Only By Bike","Saalburgstr. 765","","60385","Frankfurt","DE","06","+49 69 465789-0","http://www.nobb.sap","D","EUR"
